pair_id,groundtruth,CorrectCause
pair0,Yes,0
pair0,No,1
pair1,Yes,0
pair1,No,1
pair2,Yes,0
pair2,No,0
pair3,Yes,0
pair3,No,0
pair4,Yes,0
pair4,No,1
pair5,Yes,0
pair5,No,1
pair6,Yes,0
pair6,No,1
pair7,Yes,0
pair7,No,1
pair8,Yes,0
pair8,No,0
pair9,Yes,0
pair9,No,1
pair10,Yes,1
pair10,No,0
pair11,Yes,0
pair11,No,1
pair12,Yes,0
pair12,No,1
pair13,Yes,0
pair13,No,1
pair14,Yes,0
pair14,No,1
pair15,Yes,0
pair15,No,0
pair16,Yes,0
pair16,No,0
pair17,Yes,0
pair17,No,1
pair18,Yes,0
pair18,No,1
pair19,Yes,0
pair19,No,1
pair20,Yes,0
pair20,No,0
pair21,Yes,1
pair21,No,1
pair22,Yes,0
pair22,No,1
pair23,Yes,0
pair23,No,0
pair24,Yes,0
pair24,No,1
pair25,Yes,0
pair25,No,0
pair26,Yes,1
pair26,No,0
pair27,Yes,0
pair27,No,0
pair28,Yes,0
pair28,No,1
pair29,Yes,1
pair29,No,0
pair30,Yes,0
pair30,No,1
pair31,Yes,0
pair31,No,1
pair32,Yes,0
pair32,No,0
pair33,Yes,0
pair33,No,1
pair34,Yes,0
pair34,No,1
pair35,Yes,0
pair35,No,0
pair36,Yes,0
pair36,No,1
pair37,Yes,0
pair37,No,0
pair38,Yes,0
pair38,No,1
pair39,Yes,0
pair39,No,1
pair40,Yes,0
pair40,No,1
pair41,Yes,0
pair41,No,1
pair42,Yes,0
pair42,No,1
pair43,Yes,0
pair43,No,1
pair44,Yes,0
pair44,No,0
pair45,Yes,0
pair45,No,1
pair46,Yes,0
pair46,No,1
pair47,Yes,0
pair47,No,1
pair48,Yes,0
pair48,No,1
pair49,Yes,1
pair49,No,0
pair50,Yes,0
pair50,No,0
pair51,Yes,0
pair51,No,1
pair52,Yes,0
pair52,No,1
pair53,Yes,0
pair53,No,1
pair54,Yes,0
pair54,No,0
pair55,Yes,0
pair55,No,1
pair56,Yes,0
pair56,No,1
pair57,Yes,1
pair57,No,0
pair58,Yes,0
pair58,No,1
pair59,Yes,0
pair59,No,1
pair60,Yes,0
pair60,No,1
pair61,Yes,0
pair61,No,0
pair62,Yes,0
pair62,No,1
pair63,Yes,0
pair63,No,1
pair64,Yes,0
pair64,No,0
pair65,Yes,0
pair65,No,1
pair66,Yes,0
pair66,No,0
pair67,Yes,0
pair67,No,0
pair68,Yes,0
pair68,No,0
pair69,Yes,0
pair69,No,1
pair70,Yes,0
pair70,No,0
pair71,Yes,0
pair71,No,0
pair72,Yes,0
pair72,No,1
pair73,Yes,0
pair73,No,0
pair74,Yes,0
pair74,No,1
pair75,Yes,0
pair75,No,1
pair76,Yes,0
pair76,No,1
pair77,Yes,0
pair77,No,1
pair78,Yes,0
pair78,No,1
pair79,Yes,0
pair79,No,1
pair80,Yes,0
pair80,No,1
pair81,Yes,0
pair81,No,1
pair82,Yes,0
pair82,No,1
pair83,Yes,0
pair83,No,0
pair84,Yes,0
pair84,No,0
pair85,Yes,0
pair85,No,1
pair86,Yes,0
pair86,No,1
pair87,Yes,0
pair87,No,0
pair88,Yes,0
pair88,No,1
pair89,Yes,0
pair89,No,1
pair90,Yes,0
pair90,No,1
pair91,Yes,0
pair91,No,1
pair92,Yes,0
pair92,No,1
pair93,Yes,0
pair93,No,0
pair94,Yes,0
pair94,No,0
pair95,Yes,0
pair95,No,1
pair96,Yes,0
pair96,No,1
pair97,Yes,0
pair97,No,1
pair98,Yes,0
pair98,No,1
pair99,Yes,0
pair99,No,1
pair100,Yes,0
pair100,No,1
pair101,Yes,0
pair101,No,1
pair102,Yes,0
pair102,No,1
pair103,Yes,0
pair103,No,0
pair104,Yes,0
pair104,No,0
pair105,Yes,0
pair105,No,1
pair106,Yes,1
pair106,No,0
pair107,Yes,0
pair107,No,1
pair108,Yes,0
pair108,No,1
pair109,Yes,0
pair109,No,0
pair110,Yes,0
pair110,No,1
pair111,Yes,0
pair111,No,1
pair112,Yes,1
pair112,No,0
pair113,Yes,0
pair113,No,1
pair114,Yes,0
pair114,No,1
pair115,Yes,0
pair115,No,1
pair116,Yes,0
pair116,No,1
pair117,Yes,0
pair117,No,0
pair118,Yes,0
pair118,No,1
pair119,Yes,0
pair119,No,0
pair120,Yes,0
pair120,No,1
pair121,Yes,0
pair121,No,1
pair122,Yes,0
pair122,No,1
pair123,Yes,0
pair123,No,1
pair124,Yes,0
pair124,No,1
pair125,Yes,0
pair125,No,0
pair126,Yes,0
pair126,No,1
pair127,Yes,0
pair127,No,1
pair128,Yes,0
pair128,No,1
pair129,Yes,0
pair129,No,1
pair130,Yes,0
pair130,No,1
pair131,Yes,0
pair131,No,1
pair132,Yes,0
pair132,No,1
pair133,Yes,0
pair133,No,1
pair134,Yes,0
pair134,No,1
pair135,Yes,0
pair135,No,1
pair136,Yes,0
pair136,No,0
pair137,Yes,0
pair137,No,1
pair138,Yes,0
pair138,No,1
pair139,Yes,0
pair139,No,1
pair140,Yes,0
pair140,No,1
pair141,Yes,0
pair141,No,0
pair142,Yes,0
pair142,No,1
pair143,Yes,0
pair143,No,1
pair144,Yes,0
pair144,No,1
pair145,Yes,0
pair145,No,0
pair146,Yes,0
pair146,No,0
pair147,Yes,0
pair147,No,0
pair148,Yes,1
pair148,No,0
pair149,Yes,1
pair149,No,0
pair150,Yes,0
pair150,No,0
pair151,Yes,0
pair151,No,1
pair152,Yes,0
pair152,No,1
pair153,Yes,0
pair153,No,0
pair154,Yes,0
pair154,No,0
pair155,Yes,0
pair155,No,1
pair156,Yes,0
pair156,No,1
pair157,Yes,0
pair157,No,1
pair158,Yes,0
pair158,No,0
pair159,Yes,0
pair159,No,1
pair160,Yes,0
pair160,No,1
pair161,Yes,0
pair161,No,1
pair162,Yes,0
pair162,No,1
pair163,Yes,0
pair163,No,1
pair164,Yes,0
pair164,No,1
pair165,Yes,0
pair165,No,1
pair166,Yes,0
pair166,No,1
pair167,Yes,0
pair167,No,1
pair168,Yes,0
pair168,No,1
pair169,Yes,0
pair169,No,1
pair170,Yes,0
pair170,No,1
pair171,Yes,0
pair171,No,1
pair172,Yes,0
pair172,No,1
pair173,Yes,0
pair173,No,1
pair174,Yes,1
pair174,No,1
pair175,Yes,0
pair175,No,1
pair176,Yes,1
pair176,No,0
pair177,Yes,0
pair177,No,1
pair178,Yes,0
pair178,No,1
pair179,Yes,1
pair179,No,1
pair180,Yes,0
pair180,No,0
pair181,Yes,0
pair181,No,1
pair182,Yes,0
pair182,No,1
pair183,Yes,0
pair183,No,1
pair184,Yes,0
pair184,No,0
pair185,Yes,0
pair185,No,0
pair186,Yes,0
pair186,No,1
pair187,Yes,0
pair187,No,0
pair188,Yes,0
pair188,No,1
pair189,Yes,0
pair189,No,0
pair190,Yes,0
pair190,No,1
pair191,Yes,1
pair191,No,0
pair192,Yes,0
pair192,No,1
pair193,Yes,0
pair193,No,1
pair194,Yes,0
pair194,No,1
pair195,Yes,0
pair195,No,0
pair196,Yes,0
pair196,No,1
pair197,Yes,0
pair197,No,1
pair198,Yes,0
pair198,No,1
pair199,Yes,0
pair199,No,1
pair200,Yes,0
pair200,No,1
pair201,Yes,0
pair201,No,1
pair202,Yes,0
pair202,No,1
pair203,Yes,0
pair203,No,1
pair204,Yes,0
pair204,No,1
pair205,Yes,0
pair205,No,1
pair206,Yes,0
pair206,No,1
pair207,Yes,0
pair207,No,1
pair208,Yes,0
pair208,No,1
pair209,Yes,0
pair209,No,1
pair210,Yes,0
pair210,No,1
pair211,Yes,0
pair211,No,0
pair212,Yes,0
pair212,No,1
pair213,Yes,0
pair213,No,0
pair214,Yes,0
pair214,No,1
pair215,Yes,0
pair215,No,1
pair216,Yes,1
pair216,No,1
pair217,Yes,0
pair217,No,0
pair218,Yes,0
pair218,No,1
pair219,Yes,0
pair219,No,0
pair220,Yes,0
pair220,No,1
pair221,Yes,0
pair221,No,1
pair222,Yes,0
pair222,No,0
pair223,Yes,0
pair223,No,0
pair224,Yes,0
pair224,No,1
pair225,Yes,0
pair225,No,1
pair226,Yes,0
pair226,No,1
pair227,Yes,1
pair227,No,0
pair228,Yes,0
pair228,No,1
pair229,Yes,0
pair229,No,1
pair230,Yes,0
pair230,No,1
pair231,Yes,0
pair231,No,0
pair232,Yes,0
pair232,No,0
pair233,Yes,0
pair233,No,1
pair234,Yes,0
pair234,No,1
pair235,Yes,0
pair235,No,1
pair236,Yes,0
pair236,No,1
pair237,Yes,0
pair237,No,1
pair238,Yes,0
pair238,No,1
pair239,Yes,0
pair239,No,1
pair240,Yes,0
pair240,No,1
pair241,Yes,0
pair241,No,1
pair242,Yes,0
pair242,No,0
pair243,Yes,0
pair243,No,1
pair244,Yes,0
pair244,No,1
pair245,Yes,0
pair245,No,1
pair246,Yes,1
pair246,No,1
pair247,Yes,0
pair247,No,1
pair248,Yes,0
pair248,No,1
pair249,Yes,0
pair249,No,1
pair250,Yes,0
pair250,No,1
pair251,Yes,0
pair251,No,1
pair252,Yes,0
pair252,No,0
pair253,Yes,0
pair253,No,1
pair254,Yes,0
pair254,No,0
pair255,Yes,0
pair255,No,1
pair256,Yes,0
pair256,No,1
pair257,Yes,0
pair257,No,1
pair258,Yes,0
pair258,No,0
pair259,Yes,0
pair259,No,0
pair260,Yes,0
pair260,No,1
pair261,Yes,0
pair261,No,0
pair262,Yes,0
pair262,No,1
pair263,Yes,0
pair263,No,1
pair264,Yes,0
pair264,No,1
pair265,Yes,0
pair265,No,0
pair266,Yes,0
pair266,No,1
pair267,Yes,0
pair267,No,0
pair268,Yes,0
pair268,No,0
pair269,Yes,0
pair269,No,1
pair270,Yes,0
pair270,No,1
pair271,Yes,0
pair271,No,0
pair272,Yes,0
pair272,No,0
pair273,Yes,0
pair273,No,1
pair274,Yes,0
pair274,No,1
pair275,Yes,0
pair275,No,1
pair276,Yes,0
pair276,No,1
pair277,Yes,0
pair277,No,1
pair278,Yes,0
pair278,No,1
pair279,Yes,0
pair279,No,0
pair280,Yes,0
pair280,No,1
pair281,Yes,0
pair281,No,0
pair282,Yes,0
pair282,No,1
pair283,Yes,0
pair283,No,1
pair284,Yes,0
pair284,No,1
pair285,Yes,0
pair285,No,0
pair286,Yes,0
pair286,No,1
pair287,Yes,0
pair287,No,0
pair288,Yes,0
pair288,No,1
pair289,Yes,0
pair289,No,1
pair290,Yes,0
pair290,No,1
pair291,Yes,0
pair291,No,1
pair292,Yes,0
pair292,No,1
pair293,Yes,0
pair293,No,1
pair294,Yes,0
pair294,No,1
pair295,Yes,0
pair295,No,1
pair296,Yes,0
pair296,No,1
pair297,Yes,0
pair297,No,1
pair298,Yes,0
pair298,No,0
pair299,Yes,0
pair299,No,1
pair300,Yes,0
pair300,No,0
pair301,Yes,0
pair301,No,0
pair302,Yes,0
pair302,No,0
pair303,Yes,0
pair303,No,0
pair304,Yes,0
pair304,No,1
pair305,Yes,0
pair305,No,1
pair306,Yes,0
pair306,No,0
pair307,Yes,0
pair307,No,1
pair308,Yes,0
pair308,No,1
pair309,Yes,0
pair309,No,1
pair310,Yes,0
pair310,No,0
pair311,Yes,0
pair311,No,0
pair312,Yes,0
pair312,No,1
pair313,Yes,0
pair313,No,0
pair314,Yes,0
pair314,No,1
pair315,Yes,0
pair315,No,0
pair316,Yes,0
pair316,No,0
pair317,Yes,0
pair317,No,0
pair318,Yes,0
pair318,No,1
pair319,Yes,0
pair319,No,1
pair320,Yes,0
pair320,No,1
pair321,Yes,0
pair321,No,1
pair322,Yes,0
pair322,No,0
pair323,Yes,0
pair323,No,1
pair324,Yes,1
pair324,No,0
pair325,Yes,0
pair325,No,1
pair326,Yes,0
pair326,No,1
pair327,Yes,0
pair327,No,1
pair328,Yes,0
pair328,No,0
pair329,Yes,0
pair329,No,1
pair330,Yes,0
pair330,No,1
pair331,Yes,1
pair331,No,0
pair332,Yes,0
pair332,No,1
pair333,Yes,1
pair333,No,1
pair334,Yes,0
pair334,No,1
pair335,Yes,0
pair335,No,0
pair336,Yes,0
pair336,No,1
pair337,Yes,0
pair337,No,0
pair338,Yes,0
pair338,No,1
pair339,Yes,0
pair339,No,1
pair340,Yes,0
pair340,No,1
pair341,Yes,1
pair341,No,0
pair342,Yes,0
pair342,No,0
pair343,Yes,0
pair343,No,0
pair344,Yes,0
pair344,No,0
pair345,Yes,0
pair345,No,1
pair346,Yes,0
pair346,No,1
pair347,Yes,0
pair347,No,1
pair348,Yes,0
pair348,No,1
pair349,Yes,0
pair349,No,1
pair350,Yes,0
pair350,No,1
pair351,Yes,0
pair351,No,0
pair352,Yes,1
pair352,No,0
pair353,Yes,0
pair353,No,0
pair354,Yes,0
pair354,No,0
pair355,Yes,0
pair355,No,0
pair356,Yes,0
pair356,No,0
pair357,Yes,0
pair357,No,0
pair358,Yes,0
pair358,No,1
pair359,Yes,0
pair359,No,0
pair360,Yes,0
pair360,No,1
pair361,Yes,0
pair361,No,1
pair362,Yes,0
pair362,No,1
pair363,Yes,0
pair363,No,1
pair364,Yes,0
pair364,No,1
pair365,Yes,0
pair365,No,0
pair366,Yes,0
pair366,No,1
pair367,Yes,0
pair367,No,1
pair368,Yes,1
pair368,No,0
pair369,Yes,0
pair369,No,0
pair370,Yes,0
pair370,No,1
pair371,Yes,0
pair371,No,1
pair372,Yes,0
pair372,No,0
pair373,Yes,0
pair373,No,0
pair374,Yes,0
pair374,No,1
pair375,Yes,0
pair375,No,0
pair376,Yes,0
pair376,No,1
pair377,Yes,0
pair377,No,1
pair378,Yes,0
pair378,No,1
pair379,Yes,0
pair379,No,1
pair380,Yes,0
pair380,No,1
pair381,Yes,0
pair381,No,1
pair382,Yes,0
pair382,No,1
pair383,Yes,0
pair383,No,1
pair384,Yes,0
pair384,No,1
pair385,Yes,0
pair385,No,1
pair386,Yes,0
pair386,No,1
pair387,Yes,0
pair387,No,1
pair388,Yes,0
pair388,No,1
pair389,Yes,0
pair389,No,1
pair390,Yes,0
pair390,No,1
pair391,Yes,1
pair391,No,0
pair392,Yes,0
pair392,No,0
pair393,Yes,0
pair393,No,1
pair394,Yes,0
pair394,No,1
pair395,Yes,0
pair395,No,0
pair396,Yes,0
pair396,No,1
pair397,Yes,0
pair397,No,0
pair398,Yes,0
pair398,No,0
pair399,Yes,0
pair399,No,1
pair400,Yes,0
pair400,No,1
pair401,Yes,0
pair401,No,1
pair402,Yes,0
pair402,No,1
pair403,Yes,0
pair403,No,1
pair404,Yes,0
pair404,No,1
pair405,Yes,0
pair405,No,1
pair406,Yes,0
pair406,No,1
pair407,Yes,0
pair407,No,1
pair408,Yes,1
pair408,No,0
pair409,Yes,0
pair409,No,1
pair410,Yes,0
pair410,No,1
pair411,Yes,0
pair411,No,1
pair412,Yes,0
pair412,No,1
pair413,Yes,0
pair413,No,1
pair414,Yes,0
pair414,No,1
pair415,Yes,0
pair415,No,1
pair416,Yes,1
pair416,No,0
pair417,Yes,0
pair417,No,1
pair418,Yes,0
pair418,No,0
pair419,Yes,0
pair419,No,1
pair420,Yes,0
pair420,No,1
pair421,Yes,0
pair421,No,0
pair422,Yes,0
pair422,No,1
pair423,Yes,0
pair423,No,0
pair424,Yes,0
pair424,No,1
pair425,Yes,0
pair425,No,1
pair426,Yes,0
pair426,No,1
pair427,Yes,0
pair427,No,1
pair428,Yes,0
pair428,No,1
pair429,Yes,0
pair429,No,1
pair430,Yes,0
pair430,No,1
pair431,Yes,0
pair431,No,1
pair432,Yes,0
pair432,No,0
pair433,Yes,0
pair433,No,1
pair434,Yes,0
pair434,No,1
pair435,Yes,0
pair435,No,0
pair436,Yes,0
pair436,No,1
pair437,Yes,0
pair437,No,1
pair438,Yes,0
pair438,No,0
pair439,Yes,0
pair439,No,1
pair440,Yes,0
pair440,No,1
pair441,Yes,0
pair441,No,1
pair442,Yes,0
pair442,No,0
pair443,Yes,0
pair443,No,0
pair444,Yes,0
pair444,No,1
pair445,Yes,0
pair445,No,1
pair446,Yes,0
pair446,No,1
pair447,Yes,0
pair447,No,1
pair448,Yes,0
pair448,No,0
pair449,Yes,0
pair449,No,1
pair450,Yes,0
pair450,No,1
pair451,Yes,0
pair451,No,1
pair452,Yes,0
pair452,No,1
pair453,Yes,0
pair453,No,0
pair454,Yes,0
pair454,No,1
pair455,Yes,0
pair455,No,1
pair456,Yes,0
pair456,No,1
pair457,Yes,0
pair457,No,1
pair458,Yes,0
pair458,No,0
pair459,Yes,0
pair459,No,0
pair460,Yes,0
pair460,No,1
pair461,Yes,0
pair461,No,1
pair462,Yes,0
pair462,No,1
pair463,Yes,0
pair463,No,1
pair464,Yes,0
pair464,No,1
pair465,Yes,0
pair465,No,1
pair466,Yes,1
pair466,No,1
pair467,Yes,0
pair467,No,1
pair468,Yes,0
pair468,No,1
pair469,Yes,0
pair469,No,1
pair470,Yes,0
pair470,No,1
pair471,Yes,0
pair471,No,1
pair472,Yes,0
pair472,No,1
pair473,Yes,1
pair473,No,1
pair474,Yes,0
pair474,No,1
